Id:ID,name,email
8e7e38d1-f902-4f3d-a439-8c076b3b9f3a,Taylor Dunn,qbrown@example.net
7717997c-4373-4ad4-b70a-35321775f882,Melissa Coleman,millermelissa@example.org
0146a2bd-7e85-43de-aa36-ec0018610ec6,Timothy Hughes,alexisbautista@example.net
52f06a5f-a66a-43fa-a5b2-2d2afe008a3a,Karen Carpenter,nathanwilliams@example.org
c1205c7f-6da3-4d91-8308-38a35d6b3cb8,Kimberly Garcia,morganhill@example.net
f9f0b0d4-8c17-467b-bbdd-a6fc1ff0bc86,Robert Scott,sanfordjeremy@example.com
d727b24e-90bf-4819-8db1-864a334306df,Desiree Peck,ufloyd@example.net
4dc8995d-9fb9-4e47-aa43-60de3d47dd8c,Tommy Morrison,dharmon@example.org
80810c21-38e6-439b-a696-8cdacf2e6848,Shelia Parker,ncampbell@example.com
cfd57469-b442-4840-b3e3-82f8df68fb16,Theresa Schmitt,travisedwards@example.com
8af8f11b-5ee6-4815-bd0e-68ab79b835f2,Joy Sanchez,johnsoncassandra@example.com
17ef8b8f-781d-42cb-ae25-a15cbe5db1ce,Aaron Freeman,eallen@example.com
082c166b-c325-4826-bdaf-3b9f7017c2d2,Cody Jensen,rothwilliam@example.net
cb6e537a-2bf5-4d95-9e36-b80278d1c160,Ms. Rita Gordon,maxwell26@example.com
07ef1cb5-2e99-45de-9438-0d2e6e41281c,Harold Ortega,anthonywhite@example.com
b8bc9a25-4019-456d-b4d6-93bee4f97c60,Amanda Meyers,ywalters@example.com
cdb2b49c-b5a7-457c-8bc1-35b7d6027012,Natalie Townsend,paulmorales@example.org
d4f73c68-4972-4803-aae6-b4dc6898184b,Russell Howell,jacobpham@example.net
e8f0c5cc-ccf8-46c0-9eed-9c0f2f77d925,Jennifer White,petersonjohn@example.net
6de1e3ff-284b-4d8f-86d6-fb78a56f5911,Steven Gonzalez,rebecca25@example.net
1a97c01d-43e0-4e5a-b8f8-637e01f395ee,Daisy Walker,luke24@example.com
dbb483cc-f879-43b7-bcbd-5a5defb46923,Melanie Guerra,cindylee@example.org
5debc72a-4593-4e2f-bef4-5f1b4bcc65dc,Felicia Jensen,griffithlogan@example.net
b3be4431-bba2-4a0c-b1a6-62407418c7fd,Thomas Kramer,manuelbrown@example.com
1fb42ae0-de78-4e76-90e4-3ef8625acd71,Peter Thomas,tonya09@example.net
bdfcc4f9-abb1-477a-83fb-bf860fda4b4f,John King,kjones@example.org
08e7689a-0463-49be-aada-cca55c29cc40,Shawn Wallace,amyjohnson@example.org
bd1f3962-4812-4d2e-a559-1cf76ba5aaa5,Diane Hawkins,murphyjulie@example.net
f5f081cd-1b97-4bdf-ba8e-01856ba0ba41,Erin Cochran,bgarcia@example.org
563b821d-0388-48d1-97ea-5c883905a81e,Alexis Marshall,brendanpatterson@example.com
2f444ea1-4869-4869-93cf-df5bc9122eea,Sydney Potter,matthewbanks@example.net
4eb8f028-4bd3-4254-a036-c067c353be02,Joann Harris,marcusboone@example.com
818fc4b2-1bbe-436f-8850-5020705d8c1f,Linda Gray,rbrown@example.net
1017c938-e32b-4eec-9be0-f8c42ec7bf2b,Ashley Miller,juliacaldwell@example.net
af88259f-a000-4618-8d28-cdb943ce73a7,Max Garcia,james25@example.net
497e02ea-6777-4c4c-b5a5-c57ac5eb78d5,Linda Garcia,csalinas@example.net
dd298e66-fad3-4a32-868d-ef483065ef89,Christy Manning,wortiz@example.net
a1aea2a4-592f-4960-b27f-94e11c566e9e,Cheryl Schmitt,dherrera@example.com
f889eaac-e94b-427d-b097-d5445370ea49,Jacob Austin,ericamoore@example.org
a27506ae-8b3e-424a-b372-dc9fd730a9fe,Jessica Jackson,martinezrachel@example.org
3aceca29-80cb-46d7-9096-b647b5fb39ef,Vicki Taylor,breed@example.net
684075b5-8efc-43b4-8657-9253011dcefe,Adam Reed,sandovalkayla@example.org
bfbf9e55-10dc-4255-8405-3ba99694b057,Rebecca Edwards,modom@example.com
ce6b91ab-1e90-490d-bccc-ef7aa9911ae3,Samantha Cain,vcarter@example.com
497c74a6-e27e-471d-8bba-74dd0545fe2a,Daniel Castillo,wrightjonathan@example.org
e3d47ce1-d7f3-4748-81a1-bd6a882ffdb1,Sarah Navarro,clarkrebecca@example.org
03108ba9-c0d8-4c51-ab14-908e25a5450c,Timothy Campbell,nelsondavid@example.org
0a896561-995b-4536-871b-fe32cb864bf0,Gloria Webb,jennifer10@example.org
a0cc081d-c165-465d-be38-45489e9e033a,Carolyn Savage,ukerr@example.org
ef8cf5cf-12a5-44f1-9047-11133ef51183,Brett Parker,pattylee@example.org
a687e455-bbfb-4803-b533-9f02aec733af,Adam Charles,foxmaria@example.org
4c4b22dd-1343-4afc-bf4c-612f667235ed,Jo Atkinson,garellano@example.net
036faa9a-0588-4303-b33f-3dfa28d55672,Dr. Donald Hale PhD,swood@example.org
ce6013ae-888c-49c6-9023-7f7713749cca,Elijah Washington,evansrichard@example.com
2137d878-76ec-40b7-bc7d-380b8393f494,John Freeman,lindseycindy@example.com
b2962fe5-c07a-48b8-9895-d2746a33c571,Lori Banks,jennifer78@example.org
d25cb5e2-19d0-42a1-b4cd-1b733cf71c89,Daniel Mcbride,mia76@example.net
e466890a-c041-4870-83ce-ac7acc9d0087,Robert Barnes,sherrymorgan@example.com
63be4559-d059-4622-85ea-c415d4f6fb68,Steven Hernandez,audrey17@example.org
53b66c13-a6fd-4ae9-bdc9-85caec7a3b54,Trevor Hampton,joseph42@example.org
49d2323c-3f29-4c13-a197-12a8443bc356,Bailey Wilson,kimberly11@example.net
fbc0a4d7-33cb-4da1-b55b-75bbf33a6392,Lauren Castillo,dle@example.net
2380c9eb-e2d0-47c5-b534-61a29997346b,Kathy Jenkins,ramseyrobert@example.net
78e071ed-c639-437b-a494-f308c808fdd9,Kathryn Wright,lwilson@example.com
bfce565b-cf61-4cf3-8e90-82f3d40daee7,Crystal Green,michael10@example.org
b3594594-6ae6-4485-ba7f-3a0182885062,John Wilson,blakeanthony@example.org
28eb4adc-0e3c-42bf-aab6-c6d5b3ae6f7a,Patty Ballard,millerjonathan@example.net
10af23d1-df9c-4b8a-94ec-f15635324764,Michael Stevens,karenchristensen@example.net
89ce9984-4f69-4ef6-9972-b5a5bb21fdf7,Cory Wheeler,bwallace@example.net
5fdd12f0-a7e7-4223-80e2-cf92068771ef,Mark Schultz,craigramirez@example.net
9e49165f-bf44-40eb-ae91-9bd1f7da8224,Zachary Johnson,uwhite@example.net
5e5b5f44-b6b1-4cf5-9657-bda990775115,Thomas Wolf,smithkatherine@example.org
6b413ec3-ad9d-4e29-baee-10ddbb69e5ff,Andrea Parker,ygaines@example.net
bfdee05d-2c9d-438f-bfbd-308a7474bc9b,Linda Barrett,bradleybryant@example.net
a4e7b931-8e02-4b6e-9b2d-b94f7eb5178a,Karen Lawrence,jimmy88@example.com
cdc5c238-9d00-4381-ac05-9cf46c766757,Amanda Jones,richmonddeborah@example.net
fb6b6d2e-45e1-4b6a-af8f-4e506f2cd397,Brian Chavez,mccallricky@example.com
a912276e-1f3d-478a-970a-c191e9bcb39b,Mary Anderson,hooverlisa@example.com
1691f834-9763-4648-9a96-847332bf03df,Darrell Webb,uramos@example.net
666b54ef-c46d-47d0-8af1-bc2e31629af5,Ronald Shelton,daniel88@example.org
b53d6a7f-e2da-450b-9f72-b41df9108fb8,Jamie Moses,schwartznatalie@example.net
f3f870b3-d326-4401-a039-875962904ca5,Madison Evans,dflores@example.org
2b5906f7-0290-4d6b-96d5-81999c2c261e,Laura Gibson,wmcneil@example.org
05c71ab2-aa40-4e5d-9043-221a35bf5d5b,Chelsea Bauer,teresadavis@example.net
967ebb4b-9c0e-4859-a666-fd03b4f96680,Douglas Brown,smithbrian@example.net
804acd08-817a-491f-bfd9-f471aacfd159,Anna Parker,debbie62@example.org
ccd98a60-ede4-442a-b06a-ada5894af659,Cynthia Armstrong MD,nancy58@example.net
a918144d-4d16-4384-886f-b8398d29aa78,Charles Mitchell,calebgonzalez@example.com
dfe8f8a3-5528-44c9-8092-1fa9b86e62cf,Geoffrey Floyd DDS,martincassandra@example.net
c717259f-b62c-42cb-bfb0-b328046b4554,Katrina Nelson,rickyshepard@example.net
cf63979e-c5f2-4f97-9cca-4830fd3c3009,Cathy Hamilton,jose81@example.org
4232abff-118f-4a39-94af-0cf2d3db7aa7,Tyler Brady,ptate@example.net
ac22baef-faed-4c87-93f1-ad94fd755d33,Marissa Clark,perrythomas@example.com
02d5735a-9190-4af2-8012-6a29da34c386,Robert Krueger,scottdonna@example.net
c18c6cc1-e477-423b-8297-56945402fe51,Jake Cook,davisdaniel@example.net
5eb5ed40-23ed-4382-b731-a7f15797172f,Stephen Smith,robertsonjeremy@example.net
80d01952-1cfd-46a0-a19b-e880800ac8ed,Steven Perry,lestervictoria@example.org
710d7e87-3e74-404b-b53b-40d2d3ea7577,Nicholas Smith,foleydiamond@example.net
2b58bb37-a30e-410e-be6c-4cc736747952,Emily Ball,montgomerynicolas@example.com
6ffb2e29-a928-4a09-91fe-0a2b09a6b630,Caroline Gonzalez,alecmills@example.net
